Restaurant started a loyalty program in the first quarter of 2021 that rewards customers as they make purchases.,,,,,,,,,,,,,,,,,
Date,LoyaltyAccepted,StoreID,Customer ID,CustomerMaritalStatus,CustomerGender,Age,Shops Online or Not,Annual Income,Amount Spent ($),,,,,,,,
5/29/21,0,1,1,Married,Other,33,Yes,85,32,,,,,,,,
8/19/20,0,2,2,Single,Male,48,No,137,33,,,,,,,,
10/7/19,1,3,3,With a partner,Male,50,No,148,131,,,,,,,,
10/29/20,1,4,4,With a partner,Prefer not to answer,37,Yes,67,41,,,,,,,,
6/11/20,1,5,5,With a partner,Male,67,No,79,43,,,,,,,,
5/10/20,1,6,6,Married,Prefer not to answer,54,No,136,173,,,,,,,,
7/12/21,0,7,7,Prefer not to answer,Prefer not to answer,53,No,104,31,,,,,,,,
10/15/19,0,8,8,Prefer not to answer,Other,36,Yes,78,36,,,,,,,,
1/29/20,1,9,9,Single,Male,78,No,92,69,,,,,,,,
7/10/19,0,10,10,Married,Non-binary,80,No,126,52,,,,,,,,
4/24/19,1,11,11,Prefer not to answer,Male,78,No,115,138,,,,,,,,
11/15/19,0,12,12,Single,Non-binary,69,No,111,64,,,,,,,,
8/15/21,1,13,13,Prefer not to answer,Prefer not to answer,18,Yes,113,171,,,,,,,,
3/19/20,1,14,14,Single,Male,45,No,135,119,,,,,,,,
2/27/19,0,15,15,Married,Non-binary,46,No,130,34,,,,,,,,
7/11/21,0,16,16,Married,Female,25,Yes,133,40,,,,,,,,
12/29/20,0,17,17,Prefer not to answer,Prefer not to answer,47,No,92,39,,,,,,,,
3/11/19,0,18,18,With a partner,Female,78,No,104,43,,,,,,,,
5/28/21,0,19,19,Single,Male,48,No,130,69,,,,,,,,
2/6/21,0,20,20,With a partner,Female,41,Yes,114,30,,,,,,,,
11/24/19,1,21,21,Prefer not to answer,Male,18,Yes,84,41,,,,,,,,
6/7/20,0,22,22,Prefer not to answer,Prefer not to answer,67,No,102,33,,,,,,,,
11/11/20,1,23,23,Single,Non-binary,57,No,121,147,,,,,,,,
12/28/19,1,24,24,Single,Non-binary,20,Yes,115,109,,,,,,,,
9/30/21,1,25,25,Prefer not to answer,Non-binary,51,No,82,33,,,,,,,,
6/13/20,1,26,26,Prefer not to answer,Prefer not to answer,56,No,137,112,,,,,,,,
6/2/20,1,27,27,Single,Male,27,Yes,113,115,,,,,,,,
8/7/19,0,28,28,With a partner,Prefer not to answer,31,Yes,125,50,,,,,,,,
1/28/19,0,29,29,Single,Non-binary,49,No,141,42,,,,,,,,
3/2/21,0,30,30,With a partner,Non-binary,62,No,65,55,,,,,,,,
3/9/19,0,31,31,With a partner,Female,23,Yes,63,61,,,,,,,,
12/28/19,0,32,32,With a partner,Non-binary,22,Yes,89,61,,,,,,,,
7/21/19,1,33,33,Prefer not to answer,Non-binary,43,Yes,85,43,,,,,,,,
5/16/21,1,34,34,Prefer not to answer,Non-binary,32,Yes,95,35,,,,,,,,
4/2/21,1,35,35,With a partner,Non-binary,78,No,121,122,,,,,,,,
11/10/20,0,36,36,Single,Other,70,No,60,61,,,,,,,,
3/12/21,1,37,37,Prefer not to answer,Prefer not to answer,51,No,76,31,,,,,,,,
3/21/21,1,38,38,Prefer not to answer,Female,71,No,83,33,,,,,,,,
7/8/20,0,39,39,Married,Prefer not to answer,25,Yes,60,54,,,,,,,,
4/1/19,1,40,40,Prefer not to answer,Female,33,Yes,139,100,,,,,,,,
1/19/20,0,41,41,With a partner,Prefer not to answer,36,Yes,81,70,,,,,,,,
10/27/21,1,42,42,Married,Female,26,Yes,140,145,,,,,,,,
11/7/19,1,43,43,Married,Female,23,Yes,71,35,,,,,,,,
5/6/21,0,44,44,Prefer not to answer,Non-binary,67,No,130,54,,,,,,,,
2/16/21,1,45,45,With a partner,Female,40,Yes,147,153,,,,,,,,
11/2/20,1,46,46,Single,Non-binary,26,Yes,127,128,,,,,,,,
11/13/19,1,47,47,Single,Other,62,No,64,65,,,,,,,,
12/15/21,0,48,48,Married,Female,40,Yes,120,63,,,,,,,,
10/19/21,1,49,49,With a partner,Male,80,No,149,164,,,,,,,,
12/7/20,0,50,50,With a partner,Male,50,No,111,36,,,,,,,,
4/7/20,1,51,51,With a partner,Female,22,Yes,60,43,,,,,,,,
6/19/19,0,52,52,With a partner,Non-binary,59,No,128,35,,,,,,,,
3/7/21,1,53,53,With a partner,Other,41,Yes,111,111,,,,,,,,
9/26/21,0,54,54,Single,Female,45,No,139,38,,,,,,,,
6/23/20,1,55,55,Single,Other,48,No,148,164,,,,,,,,
9/12/19,0,56,56,Married,Non-binary,67,No,64,31,,,,,,,,
10/31/20,0,57,57,Single,Other,59,No,129,37,,,,,,,,
2/7/21,1,58,58,With a partner,Male,79,No,146,158,,,,,,,,
11/30/19,0,59,59,Prefer not to answer,Non-binary,57,No,131,65,,,,,,,,
3/21/21,0,60,60,Married,Female,70,No,146,53,,,,,,,,
12/17/21,0,61,61,With a partner,Non-binary,36,Yes,145,46,,,,,,,,
2/4/21,0,62,62,With a partner,Male,67,No,75,62,,,,,,,,
5/25/19,0,63,63,Prefer not to answer,Prefer not to answer,37,Yes,112,67,,,,,,,,
12/26/21,0,64,64,Single,Other,51,No,81,62,,,,,,,,
3/11/19,0,65,65,Prefer not to answer,Male,47,No,125,34,,,,,,,,
10/20/19,1,66,66,Married,Non-binary,63,No,149,127,,,,,,,,
8/12/19,1,67,67,Single,Non-binary,74,No,81,37,,,,,,,,
5/30/21,1,68,68,Married,Other,54,No,108,192,,,,,,,,
6/15/21,1,69,69,Prefer not to answer,Female,26,Yes,75,46,,,,,,,,
1/31/20,0,70,70,Married,Other,43,Yes,73,58,,,,,,,,
8/15/20,1,71,71,With a partner,Prefer not to answer,41,Yes,72,30,,,,,,,,
3/11/21,0,72,72,Married,Other,32,Yes,77,55,,,,,,,,
7/13/19,1,73,73,With a partner,Non-binary,68,No,106,113,,,,,,,,
12/20/19,0,74,74,Prefer not to answer,Non-binary,27,Yes,133,30,,,,,,,,
7/21/21,1,75,75,Single,Non-binary,38,Yes,99,65,,,,,,,,
11/10/20,1,76,76,Single,Male,34,Yes,148,147,,,,,,,,
1/19/19,0,77,77,Married,Other,37,Yes,76,60,,,,,,,,
1/4/19,0,78,78,Married,Prefer not to answer,77,No,85,70,,,,,,,,
10/21/21,0,79,79,With a partner,Male,71,No,99,39,,,,,,,,
11/30/19,1,80,80,Married,Non-binary,28,Yes,75,42,,,,,,,,
12/8/20,1,81,81,Single,Other,29,Yes,97,62,,,,,,,,
11/18/19,1,82,82,Married,Other,71,No,143,179,,,,,,,,
11/14/21,0,83,83,Single,Male,69,No,127,53,,,,,,,,
8/31/19,1,84,84,Married,Male,36,Yes,142,104,,,,,,,,
4/4/19,1,85,85,Single,Male,77,No,100,65,,,,,,,,
2/18/21,1,86,86,Prefer not to answer,Prefer not to answer,28,Yes,77,53,,,,,,,,
3/12/21,1,87,87,Single,Non-binary,68,No,75,67,,,,,,,,
11/21/20,1,88,88,Single,Prefer not to answer,43,Yes,73,57,,,,,,,,
11/7/19,1,89,89,Single,Prefer not to answer,19,Yes,106,135,,,,,,,,
9/9/19,0,90,90,Married,Non-binary,58,No,136,37,,,,,,,,
10/31/19,0,91,91,Married,Other,55,No,135,67,,,,,,,,
11/8/20,1,92,92,With a partner,Prefer not to answer,61,No,125,194,,,,,,,,
9/11/19,1,93,93,With a partner,Prefer not to answer,34,Yes,141,131,,,,,,,,
7/16/20,1,94,94,Prefer not to answer,Male,51,No,130,155,,,,,,,,
6/7/19,0,95,95,Prefer not to answer,Other,50,No,129,33,,,,,,,,
5/8/19,1,96,96,Married,Male,25,Yes,109,128,,,,,,,,
1/2/19,0,97,97,With a partner,Prefer not to answer,34,Yes,110,36,,,,,,,,
5/3/21,1,98,98,Married,Prefer not to answer,44,Yes,97,65,,,,,,,,
6/14/20,1,99,99,Single,Male,49,No,143,124,,,,,,,,
2/22/20,0,100,100,Single,Non-binary,40,Yes,114,37,,,,,,,,
9/30/19,0,101,101,Married,Female,41,Yes,146,67,,,,,,,,
6/3/20,0,102,102,Married,Non-binary,28,Yes,150,63,,,,,,,,
3/6/21,1,103,103,Prefer not to answer,Female,65,No,90,55,,,,,,,,
12/29/19,0,104,104,Prefer not to answer,Male,75,No,93,65,,,,,,,,
7/19/20,1,105,105,Married,Prefer not to answer,35,Yes,64,48,,,,,,,,
11/5/20,1,106,106,Prefer not to answer,Male,58,No,139,123,,,,,,,,
10/26/21,0,107,107,Single,Prefer not to answer,75,No,78,47,,,,,,,,
10/25/19,1,108,108,Single,Other,19,Yes,105,110,,,,,,,,
6/19/19,1,109,109,With a partner,Non-binary,80,No,69,51,,,,,,,,
9/29/21,0,110,110,Married,Male,26,Yes,116,46,,,,,,,,
1/29/19,0,111,111,With a partner,Male,43,Yes,141,48,,,,,,,,
3/16/21,1,112,112,With a partner,Prefer not to answer,38,Yes,81,35,,,,,,,,
10/10/19,0,113,113,Prefer not to answer,Non-binary,76,No,140,38,,,,,,,,
1/7/20,1,114,114,Prefer not to answer,Other,26,Yes,60,64,,,,,,,,
9/28/20,1,115,115,Married,Male,62,No,130,124,,,,,,,,
1/6/21,0,116,116,Married,Female,76,No,123,70,,,,,,,,
1/13/19,0,117,117,With a partner,Male,32,Yes,133,37,,,,,,,,
9/6/21,1,118,118,Married,Female,66,No,119,131,,,,,,,,
4/3/21,1,119,119,Single,Non-binary,68,No,96,54,,,,,,,,
10/30/21,0,120,120,Prefer not to answer,Non-binary,57,No,89,66,,,,,,,,
9/9/19,0,121,121,Single,Female,38,Yes,114,69,,,,,,,,
4/23/20,0,122,122,Prefer not to answer,Male,23,Yes,118,34,,,,,,,,
9/25/21,0,123,123,Married,Male,26,Yes,96,32,,,,,,,,
6/28/20,0,124,124,Prefer not to answer,Female,55,No,91,35,,,,,,,,
2/20/21,1,125,125,Single,Prefer not to answer,54,No,82,64,,,,,,,,
6/11/21,1,126,126,Single,Female,76,No,98,52,,,,,,,,
3/6/21,0,127,127,Single,Female,38,Yes,63,33,,,,,,,,
2/9/20,0,128,128,Married,Prefer not to answer,52,No,140,51,,,,,,,,
7/17/20,0,129,129,Prefer not to answer,Prefer not to answer,42,Yes,63,61,,,,,,,,
10/23/21,0,130,130,Prefer not to answer,Prefer not to answer,34,Yes,90,68,,,,,,,,
7/18/21,1,131,131,Prefer not to answer,Non-binary,48,No,105,109,,,,,,,,
7/19/21,0,132,132,Single,Female,23,Yes,99,60,,,,,,,,
8/11/19,1,133,133,Single,Female,53,No,137,198,,,,,,,,
6/14/20,0,134,134,Single,Non-binary,51,No,108,46,,,,,,,,
12/10/20,1,135,135,With a partner,Male,38,Yes,90,68,,,,,,,,
1/15/19,0,136,136,Married,Female,26,Yes,128,51,,,,,,,,
10/25/20,0,137,137,Married,Prefer not to answer,25,Yes,71,34,,,,,,,,
1/22/20,0,138,138,Prefer not to answer,Male,63,No,67,57,,,,,,,,
1/5/19,0,139,139,With a partner,Male,51,No,119,55,,,,,,,,
8/17/21,0,140,140,Prefer not to answer,Non-binary,73,No,62,49,,,,,,,,
9/2/19,1,141,141,Single,Male,30,Yes,108,189,,,,,,,,
12/18/19,0,142,142,Single,Other,24,Yes,116,33,,,,,,,,
9/10/19,0,143,143,Prefer not to answer,Prefer not to answer,20,Yes,110,64,,,,,,,,
6/10/20,1,144,144,With a partner,Other,70,No,139,113,,,,,,,,
7/30/19,0,145,145,Single,Non-binary,33,Yes,137,61,,,,,,,,
7/22/20,0,146,146,With a partner,Non-binary,80,No,139,31,,,,,,,,
8/21/19,0,147,147,Prefer not to answer,Female,71,No,111,44,,,,,,,,
8/17/20,0,148,148,Prefer not to answer,Male,54,No,127,31,,,,,,,,
5/28/19,1,149,149,Prefer not to answer,Prefer not to answer,61,No,114,148,,,,,,,,
2/12/19,0,150,150,With a partner,Prefer not to answer,64,No,68,51,,,,,,,,
5/21/20,1,151,151,Married,Prefer not to answer,74,No,102,108,,,,,,,,
3/25/21,1,152,152,Married,Non-binary,59,No,103,121,,,,,,,,
7/15/20,0,153,153,Prefer not to answer,Prefer not to answer,74,No,70,67,,,,,,,,
3/22/21,0,154,154,Single,Prefer not to answer,51,No,112,62,,,,,,,,
5/17/19,1,155,155,Married,Prefer not to answer,26,Yes,101,153,,,,,,,,
2/1/21,0,156,156,Married,Male,40,Yes,126,49,,,,,,,,
4/2/20,1,157,157,Single,Male,19,Yes,113,176,,,,,,,,
11/9/20,0,158,158,With a partner,Female,53,No,94,52,,,,,,,,
11/11/20,1,159,159,With a partner,Other,75,No,142,119,,,,,,,,
10/13/19,0,160,160,Prefer not to answer,Prefer not to answer,41,Yes,62,33,,,,,,,,
7/11/20,0,161,161,Single,Female,34,Yes,72,35,,,,,,,,
6/12/20,0,162,162,Single,Prefer not to answer,57,No,129,38,,,,,,,,
12/12/20,1,163,163,Married,Other,62,No,140,194,,,,,,,,
5/1/21,1,164,164,Single,Female,47,No,94,55,,,,,,,,
11/12/20,1,165,165,Prefer not to answer,Prefer not to answer,64,No,97,44,,,,,,,,
2/6/19,0,166,166,Married,Female,73,No,124,55,,,,,,,,
1/16/19,0,167,167,Married,Female,78,No,75,49,,,,,,,,
12/13/20,1,168,168,Married,Non-binary,30,Yes,117,109,,,,,,,,
5/18/21,1,169,169,Single,Other,56,No,94,69,,,,,,,,
12/17/19,1,170,170,Single,Non-binary,71,No,81,58,,,,,,,,
5/30/21,1,171,171,Prefer not to answer,Prefer not to answer,20,Yes,67,30,,,,,,,,
11/28/19,0,172,172,Single,Other,72,No,127,33,,,,,,,,
8/20/19,0,173,173,Single,Prefer not to answer,65,No,97,68,,,,,,,,
3/22/20,0,174,174,Married,Prefer not to answer,58,No,144,46,,,,,,,,
6/3/20,0,175,175,Prefer not to answer,Non-binary,26,Yes,67,67,,,,,,,,
10/23/19,1,176,176,Married,Male,54,No,64,41,,,,,,,,
6/16/20,1,177,177,Married,Female,67,No,98,51,,,,,,,,
11/1/20,1,178,178,Single,Male,50,No,73,64,,,,,,,,
1/15/19,1,179,179,With a partner,Female,30,Yes,79,41,,,,,,,,
11/19/21,1,180,180,With a partner,Prefer not to answer,26,Yes,93,60,,,,,,,,
12/31/19,1,181,181,With a partner,Other,72,No,85,34,,,,,,,,
8/5/20,1,182,182,Single,Other,45,No,92,39,,,,,,,,
4/23/19,1,183,183,Single,Prefer not to answer,28,Yes,96,32,,,,,,,,
1/4/20,1,184,184,Prefer not to answer,Female,29,Yes,65,56,,,,,,,,
9/5/20,0,185,185,With a partner,Female,39,Yes,80,58,,,,,,,,
3/21/20,1,186,186,Prefer not to answer,Male,40,Yes,105,169,,,,,,,,
12/27/21,1,187,187,Married,Other,70,No,97,33,,,,,,,,
3/27/21,1,188,188,Prefer not to answer,Non-binary,78,No,125,175,,,,,,,,
6/15/19,1,189,189,Married,Male,49,No,72,42,,,,,,,,
10/2/20,1,190,190,Married,Other,72,No,105,155,,,,,,,,
8/4/20,1,191,191,Married,Prefer not to answer,60,No,137,174,,,,,,,,
8/17/21,0,192,192,Single,Prefer not to answer,79,No,146,41,,,,,,,,
2/19/19,1,193,193,Married,Other,40,Yes,94,44,,,,,,,,
2/15/20,0,194,194,With a partner,Non-binary,51,No,89,67,,,,,,,,
3/29/20,1,195,195,Single,Non-binary,72,No,133,156,,,,,,,,
5/22/20,0,196,196,Married,Male,51,No,65,50,,,,,,,,
1/11/21,0,197,197,Single,Female,57,No,83,54,,,,,,,,
7/31/21,1,198,198,Prefer not to answer,Non-binary,43,Yes,85,40,,,,,,,,
12/21/20,1,199,199,With a partner,Non-binary,54,No,80,56,,,,,,,,
1/17/21,0,200,200,Single,Other,45,No,107,40,,,,,,,,
4/1/20,1,201,201,Single,Non-binary,75,No,77,45,,,,,,,,
11/9/20,0,202,202,With a partner,Female,75,No,93,44,,,,,,,,
11/11/21,0,203,203,With a partner,Non-binary,27,Yes,90,59,,,,,,,,
9/13/20,0,204,204,Prefer not to answer,Prefer not to answer,21,Yes,129,66,,,,,,,,
12/8/19,1,205,205,Prefer not to answer,Female,21,Yes,75,65,,,,,,,,
3/1/19,1,206,206,With a partner,Prefer not to answer,29,Yes,105,110,,,,,,,,
5/26/21,0,207,207,With a partner,Non-binary,70,No,82,46,,,,,,,,
7/14/20,1,208,208,With a partner,Female,35,Yes,104,134,,,,,,,,
3/19/20,0,209,209,Prefer not to answer,Other,36,Yes,119,42,,,,,,,,
4/19/20,1,210,210,Single,Non-binary,77,No,81,47,,,,,,,,
10/12/19,1,211,211,Married,Prefer not to answer,30,Yes,148,200,,,,,,,,
4/17/20,0,212,212,Married,Prefer not to answer,79,No,100,31,,,,,,,,
1/4/19,1,213,213,Married,Male,58,No,78,59,,,,,,,,
3/29/21,1,214,214,Married,Male,36,Yes,137,190,,,,,,,,
1/17/19,0,215,215,With a partner,Prefer not to answer,52,No,60,58,,,,,,,,
7/21/20,1,216,216,Married,Prefer not to answer,21,Yes,104,109,,,,,,,,
2/17/20,0,217,217,Prefer not to answer,Prefer not to answer,31,Yes,85,53,,,,,,,,
9/7/20,0,218,218,With a partner,Male,60,No,150,69,,,,,,,,
8/29/20,1,219,219,Married,Female,48,No,75,61,,,,,,,,
4/15/19,1,220,220,Prefer not to answer,Female,26,Yes,118,172,,,,,,,,
10/3/20,1,221,221,With a partner,Female,52,No,67,45,,,,,,,,
1/28/21,0,222,222,Prefer not to answer,Non-binary,30,Yes,67,41,,,,,,,,
12/27/20,1,223,223,With a partner,Non-binary,44,Yes,81,33,,,,,,,,
3/26/21,1,224,224,With a partner,Prefer not to answer,29,Yes,81,47,,,,,,,,
8/14/21,1,225,225,Married,Non-binary,76,No,112,133,,,,,,,,
1/2/20,0,226,226,With a partner,Female,73,No,129,69,,,,,,,,
8/20/21,0,227,227,Married,Non-binary,49,No,90,69,,,,,,,,
12/4/19,1,228,228,Prefer not to answer,Non-binary,59,No,64,46,,,,,,,,
8/6/21,0,229,229,Married,Male,74,No,101,53,,,,,,,,
4/22/20,0,230,230,Married,Other,39,Yes,130,65,,,,,,,,
2/24/20,1,231,231,Prefer not to answer,Other,76,No,144,130,,,,,,,,
8/6/21,0,232,232,Married,Prefer not to answer,37,Yes,96,62,,,,,,,,
12/9/19,0,233,233,Single,Other,53,No,69,43,,,,,,,,
8/1/20,1,234,234,Single,Other,69,No,119,172,,,,,,,,
10/2/20,1,235,235,With a partner,Other,74,No,78,39,,,,,,,,
7/19/21,1,236,236,With a partner,Other,80,No,135,113,,,,,,,,
2/27/19,1,237,237,With a partner,Female,24,Yes,66,36,,,,,,,,
8/1/21,1,238,238,Married,Female,51,No,101,134,,,,,,,,
8/13/20,0,239,239,Prefer not to answer,Male,55,No,69,47,,,,,,,,
12/3/21,1,240,240,Single,Prefer not to answer,36,Yes,90,30,,,,,,,,
12/25/21,0,241,241,Married,Non-binary,77,No,115,57,,,,,,,,
6/19/20,0,242,242,With a partner,Other,41,Yes,91,42,,,,,,,,
9/4/20,1,243,243,With a partner,Female,38,Yes,67,38,,,,,,,,
7/14/19,0,244,244,Prefer not to answer,Other,46,No,82,65,,,,,,,,
10/29/20,1,245,245,Married,Prefer not to answer,61,No,68,34,,,,,,,,
6/12/20,1,246,246,Single,Prefer not to answer,77,No,77,54,,,,,,,,
11/27/20,1,247,247,With a partner,Prefer not to answer,24,Yes,93,59,,,,,,,,
4/13/20,1,248,248,Prefer not to answer,Male,52,No,127,102,,,,,,,,
11/13/21,0,249,249,With a partner,Male,27,Yes,142,61,,,,,,,,
4/30/21,1,250,250,With a partner,Other,34,Yes,98,47,,,,,,,,
6/12/20,1,251,251,Married,Female,68,No,79,66,,,,,,,,
8/10/19,0,252,252,Married,Male,52,No,93,66,,,,,,,,
11/24/20,1,253,253,Prefer not to answer,Non-binary,32,Yes,86,65,,,,,,,,
10/5/19,1,254,254,With a partner,Female,30,Yes,69,36,,,,,,,,
7/31/21,0,255,255,Single,Prefer not to answer,28,Yes,107,67,,,,,,,,
2/9/20,0,256,256,Prefer not to answer,Non-binary,61,No,149,46,,,,,,,,
4/14/19,1,257,257,Prefer not to answer,Other,75,No,140,149,,,,,,,,
12/9/19,1,258,258,Prefer not to answer,Non-binary,36,Yes,72,65,,,,,,,,
11/12/19,1,259,259,Single,Male,40,Yes,99,51,,,,,,,,
3/28/21,1,260,260,Prefer not to answer,Female,40,Yes,64,63,,,,,,,,
12/11/20,1,261,261,Prefer not to answer,Non-binary,46,No,71,49,,,,,,,,
11/24/19,0,262,262,With a partner,Other,34,Yes,126,38,,,,,,,,
10/29/19,1,263,263,Prefer not to answer,Other,80,No,108,143,,,,,,,,
4/28/19,1,264,264,Married,Non-binary,53,No,76,39,,,,,,,,
7/6/19,0,265,265,Married,Prefer not to answer,58,No,111,46,,,,,,,,
3/26/19,1,266,266,With a partner,Female,48,No,119,173,,,,,,,,
12/26/20,0,267,267,Single,Female,36,Yes,139,33,,,,,,,,
11/10/21,0,268,268,Single,Other,44,Yes,119,52,,,,,,,,
9/15/19,0,269,269,Prefer not to answer,Male,25,Yes,123,52,,,,,,,,
9/5/19,1,270,270,Married,Prefer not to answer,56,No,80,38,,,,,,,,
9/21/19,0,271,271,With a partner,Other,80,No,144,31,,,,,,,,
12/25/21,0,272,272,Prefer not to answer,Female,20,Yes,64,50,,,,,,,,
1/15/20,0,273,273,Single,Non-binary,25,Yes,110,57,,,,,,,,
1/19/21,0,274,274,With a partner,Female,72,No,97,30,,,,,,,,
2/11/19,0,275,275,Prefer not to answer,Other,34,Yes,139,56,,,,,,,,
4/22/19,0,276,276,Single,Prefer not to answer,57,No,60,45,,,,,,,,
4/24/21,0,277,277,Married,Non-binary,26,Yes,127,42,,,,,,,,
5/15/19,1,278,278,With a partner,Female,42,Yes,120,174,,,,,,,,
12/31/21,0,279,279,Single,Female,36,Yes,133,45,,,,,,,,
1/28/20,0,280,280,Single,Prefer not to answer,43,Yes,133,59,,,,,,,,
8/9/19,0,281,281,Single,Male,64,No,118,64,,,,,,,,
8/13/20,0,282,282,Prefer not to answer,Other,32,Yes,118,48,,,,,,,,
12/16/21,0,283,283,Single,Other,65,No,69,40,,,,,,,,
10/4/20,1,284,284,Prefer not to answer,Female,37,Yes,145,182,,,,,,,,
9/26/21,0,285,285,With a partner,Non-binary,50,No,87,68,,,,,,,,
11/22/20,1,286,286,Prefer not to answer,Non-binary,72,No,131,197,,,,,,,,
4/12/21,1,287,287,Married,Male,25,Yes,98,64,,,,,,,,
11/28/21,0,288,288,Prefer not to answer,Prefer not to answer,60,No,79,67,,,,,,,,
11/25/19,1,289,289,Single,Male,59,No,82,48,,,,,,,,
9/21/20,0,290,290,Prefer not to answer,Female,21,Yes,83,53,,,,,,,,
3/10/19,1,291,291,Prefer not to answer,Prefer not to answer,62,No,75,67,,,,,,,,
9/23/19,0,292,292,Married,Other,33,Yes,69,66,,,,,,,,
12/5/20,0,293,293,Single,Other,28,Yes,105,61,,,,,,,,
10/16/19,1,294,294,Single,Non-binary,58,No,71,58,,,,,,,,
5/14/19,1,295,295,Married,Prefer not to answer,55,No,91,62,,,,,,,,
9/30/21,0,296,296,Married,Male,18,Yes,128,59,,,,,,,,
10/26/21,1,297,297,Prefer not to answer,Other,42,Yes,132,115,,,,,,,,
9/19/20,0,298,298,Prefer not to answer,Non-binary,29,Yes,124,69,,,,,,,,
9/28/21,0,299,299,With a partner,Male,54,No,101,41,,,,,,,,
9/8/20,1,300,300,Prefer not to answer,Other,18,Yes,140,175,,,,,,,,
8/13/20,1,301,301,Married,Other,78,No,83,51,,,,,,,,
9/4/20,1,302,302,With a partner,Other,65,No,69,43,,,,,,,,
8/15/20,1,303,303,Married,Male,32,Yes,124,175,,,,,,,,
1/11/19,0,304,304,With a partner,Prefer not to answer,73,No,102,40,,,,,,,,
1/30/19,0,305,305,Prefer not to answer,Non-binary,59,No,108,54,,,,,,,,
11/26/21,1,306,306,Married,Prefer not to answer,57,No,94,49,,,,,,,,
3/27/20,1,307,307,With a partner,Female,71,No,149,109,,,,,,,,
12/22/21,1,308,308,Prefer not to answer,Male,80,No,92,43,,,,,,,,
12/24/19,1,309,309,Single,Other,60,No,73,40,,,,,,,,
7/10/21,0,310,310,Single,Other,28,Yes,101,63,,,,,,,,
10/16/19,0,311,311,With a partner,Prefer not to answer,33,Yes,93,33,,,,,,,,
8/7/21,0,312,312,Married,Non-binary,51,No,128,61,,,,,,,,
8/3/21,1,313,313,With a partner,Male,24,Yes,95,54,,,,,,,,
9/9/20,1,314,314,Married,Non-binary,48,No,99,68,,,,,,,,
9/21/19,1,315,315,Single,Prefer not to answer,64,No,78,47,,,,,,,,
7/2/19,0,316,316,Married,Prefer not to answer,70,No,60,66,,,,,,,,
11/23/21,0,317,317,Single,Female,47,No,105,69,,,,,,,,
3/28/19,0,318,318,With a partner,Female,51,No,68,45,,,,,,,,
7/19/19,0,319,319,With a partner,Male,80,No,98,42,,,,,,,,
12/7/21,1,320,320,Married,Other,72,No,146,189,,,,,,,,
12/3/21,1,321,321,With a partner,Male,54,No,120,186,,,,,,,,
5/1/21,1,322,322,With a partner,Prefer not to answer,55,No,142,132,,,,,,,,
9/17/21,0,323,323,Married,Non-binary,52,No,130,48,,,,,,,,
7/16/19,1,324,324,Married,Male,69,No,120,163,,,,,,,,
5/18/21,0,325,325,Married,Prefer not to answer,18,Yes,88,46,,,,,,,,
6/30/20,0,326,326,With a partner,Female,58,No,78,33,,,,,,,,
12/6/21,1,327,327,Prefer not to answer,Non-binary,22,Yes,105,172,,,,,,,,
12/30/19,1,328,328,Prefer not to answer,Other,29,Yes,108,167,,,,,,,,
7/30/20,1,329,329,Prefer not to answer,Other,45,No,98,49,,,,,,,,
1/16/20,1,330,330,Single,Prefer not to answer,18,Yes,99,61,,,,,,,,
6/7/19,1,331,331,Married,Female,52,No,100,62,,,,,,,,
9/19/20,1,332,332,With a partner,Prefer not to answer,70,No,130,133,,,,,,,,
8/19/19,1,333,333,Married,Prefer not to answer,50,No,137,188,,,,,,,,
12/12/19,0,334,334,With a partner,Prefer not to answer,21,Yes,90,39,,,,,,,,
1/2/21,0,335,335,Married,Other,47,No,117,30,,,,,,,,
8/30/21,0,336,336,Single,Male,68,No,68,41,,,,,,,,
6/10/19,1,337,337,Married,Male,67,No,132,119,,,,,,,,
5/26/19,0,338,338,Single,Male,40,Yes,61,47,,,,,,,,
8/5/20,0,339,339,Prefer not to answer,Non-binary,21,Yes,120,52,,,,,,,,
5/22/21,0,340,340,Single,Non-binary,58,No,94,30,,,,,,,,
12/1/21,0,341,341,Married,Non-binary,80,No,130,67,,,,,,,,
9/25/21,1,342,342,Prefer not to answer,Non-binary,67,No,133,114,,,,,,,,
12/29/20,0,343,343,Prefer not to answer,Female,19,Yes,140,70,,,,,,,,
12/22/21,0,344,344,Married,Male,40,Yes,139,61,,,,,,,,
1/31/19,1,345,345,Single,Other,46,No,116,165,,,,,,,,
4/28/19,1,346,346,Prefer not to answer,Female,65,No,93,57,,,,,,,,
7/19/20,1,347,347,Prefer not to answer,Female,24,Yes,104,137,,,,,,,,
3/10/21,0,348,348,Single,Male,19,Yes,71,62,,,,,,,,
3/17/21,1,349,349,With a partner,Other,29,Yes,101,117,,,,,,,,
3/22/19,1,350,350,Single,Male,24,Yes,60,52,,,,,,,,
9/18/20,1,351,351,Single,Other,48,No,141,106,,,,,,,,
12/22/19,1,352,352,Single,Non-binary,39,Yes,81,42,,,,,,,,
6/15/20,1,353,353,Single,Non-binary,54,No,146,134,,,,,,,,
12/3/19,1,354,354,Prefer not to answer,Prefer not to answer,21,Yes,148,130,,,,,,,,
12/18/21,1,355,355,Married,Other,43,Yes,75,30,,,,,,,,
3/22/20,0,356,356,Prefer not to answer,Female,30,Yes,118,41,,,,,,,,
2/11/21,1,357,357,Single,Non-binary,72,No,86,37,,,,,,,,
7/18/20,0,358,358,Married,Male,53,No,82,65,,,,,,,,
2/25/19,1,359,359,Married,Other,18,Yes,140,153,,,,,,,,
11/16/20,0,360,360,Married,Other,49,No,134,58,,,,,,,,
12/25/19,1,361,361,Single,Prefer not to answer,36,Yes,67,67,,,,,,,,
11/24/20,1,362,362,Single,Other,47,No,132,115,,,,,,,,
4/11/21,1,363,363,Prefer not to answer,Male,68,No,83,46,,,,,,,,
6/14/19,0,364,364,Married,Prefer not to answer,78,No,85,67,,,,,,,,
4/27/21,0,365,365,Prefer not to answer,Other,19,Yes,146,34,,,,,,,,
5/7/21,0,366,366,Single,Non-binary,35,Yes,138,39,,,,,,,,
11/2/21,1,367,367,Single,Female,45,No,86,37,,,,,,,,
12/12/21,1,368,368,Prefer not to answer,Female,63,No,123,100,,,,,,,,
10/19/19,0,369,369,Single,Female,69,No,84,47,,,,,,,,
12/2/19,0,370,370,Single,Prefer not to answer,69,No,83,31,,,,,,,,
12/15/21,0,371,371,Prefer not to answer,Prefer not to answer,80,No,145,62,,,,,,,,
8/1/20,1,372,372,With a partner,Non-binary,44,Yes,91,35,,,,,,,,
7/4/19,1,373,373,Married,Male,56,No,107,198,,,,,,,,
4/2/21,0,374,374,Prefer not to answer,Other,52,No,126,64,,,,,,,,
1/16/21,1,375,375,With a partner,Female,55,No,79,68,,,,,,,,
1/1/19,1,376,376,With a partner,Prefer not to answer,71,No,140,169,,,,,,,,
3/14/21,1,377,377,Prefer not to answer,Female,63,No,80,46,,,,,,,,
7/25/19,1,378,378,Prefer not to answer,Prefer not to answer,23,Yes,142,156,,,,,,,,
2/25/20,0,379,379,Prefer not to answer,Prefer not to answer,23,Yes,115,53,,,,,,,,
10/18/19,0,380,380,With a partner,Non-binary,56,No,108,70,,,,,,,,
3/26/20,0,381,381,Married,Other,52,No,77,31,,,,,,,,
10/21/21,1,382,382,With a partner,Female,78,No,113,118,,,,,,,,
8/26/19,1,383,383,Prefer not to answer,Other,55,No,95,62,,,,,,,,
3/12/21,0,384,384,Prefer not to answer,Male,67,No,140,57,,,,,,,,
12/7/20,1,385,385,With a partner,Non-binary,24,Yes,77,32,,,,,,,,
6/14/20,0,386,386,Prefer not to answer,Prefer not to answer,24,Yes,62,44,,,,,,,,
2/8/20,1,387,387,Prefer not to answer,Prefer not to answer,57,No,145,106,,,,,,,,
1/25/20,0,388,388,With a partner,Prefer not to answer,33,Yes,121,63,,,,,,,,
10/19/20,0,389,389,Prefer not to answer,Male,64,No,99,35,,,,,,,,
10/4/20,1,390,390,With a partner,Prefer not to answer,73,No,104,182,,,,,,,,
12/3/19,1,391,391,Prefer not to answer,Prefer not to answer,33,Yes,145,128,,,,,,,,
8/24/19,0,392,392,With a partner,Non-binary,49,No,144,48,,,,,,,,
2/20/19,0,393,393,Married,Female,21,Yes,136,70,,,,,,,,
4/8/20,1,394,394,Married,Female,60,No,121,198,,,,,,,,
8/1/21,0,395,395,Prefer not to answer,Other,34,Yes,81,36,,,,,,,,
10/22/19,1,396,396,With a partner,Other,46,No,103,186,,,,,,,,
10/11/21,1,397,397,Married,Non-binary,53,No,98,46,,,,,,,,
8/6/19,1,398,398,Married,Prefer not to answer,56,No,86,55,,,,,,,,
1/4/21,0,399,399,Single,Other,19,Yes,139,37,,,,,,,,
5/10/20,1,400,400,With a partner,Male,35,Yes,85,47,,,,,,,,
9/29/20,0,401,401,Prefer not to answer,Other,31,Yes,97,58,,,,,,,,
4/14/21,1,402,402,With a partner,Female,61,No,117,117,,,,,,,,
10/29/21,0,403,403,Married,Other,49,No,136,49,,,,,,,,
11/25/20,0,404,404,Prefer not to answer,Female,61,No,129,40,,,,,,,,
1/25/21,1,405,405,Prefer not to answer,Other,70,No,90,40,,,,,,,,
4/5/21,1,406,406,Single,Other,75,No,87,62,,,,,,,,
7/16/19,1,407,407,Single,Male,61,No,139,163,,,,,,,,
3/27/19,0,408,408,Married,Prefer not to answer,36,Yes,118,64,,,,,,,,
9/30/19,0,409,409,Married,Other,27,Yes,70,37,,,,,,,,
6/19/19,0,410,410,With a partner,Prefer not to answer,45,No,117,58,,,,,,,,
4/4/19,1,411,411,Prefer not to answer,Male,27,Yes,127,183,,,,,,,,
9/12/19,1,412,412,Married,Non-binary,73,No,130,143,,,,,,,,
12/28/19,1,413,413,Single,Male,22,Yes,107,148,,,,,,,,
8/5/20,0,414,414,Married,Male,61,No,84,47,,,,,,,,
3/14/21,0,415,415,Married,Female,40,Yes,146,67,,,,,,,,
12/7/19,1,416,416,Married,Female,36,Yes,61,68,,,,,,,,
11/12/21,1,417,417,Married,Other,21,Yes,117,126,,,,,,,,
8/23/19,0,418,418,Prefer not to answer,Other,60,No,124,52,,,,,,,,
6/6/21,0,419,419,Single,Prefer not to answer,25,Yes,94,33,,,,,,,,
3/1/21,1,420,420,With a partner,Male,34,Yes,90,46,,,,,,,,
11/17/19,1,421,421,Married,Female,56,No,113,164,,,,,,,,
3/29/19,0,422,422,Single,Male,26,Yes,123,38,,,,,,,,
6/17/21,1,423,423,Single,Male,44,Yes,96,65,,,,,,,,
3/3/20,0,424,424,Single,Male,71,No,148,38,,,,,,,,
9/10/21,0,425,425,Single,Non-binary,50,No,107,67,,,,,,,,
11/5/19,0,426,426,With a partner,Non-binary,24,Yes,97,55,,,,,,,,
8/9/20,1,427,427,Prefer not to answer,Male,22,Yes,106,132,,,,,,,,
8/23/21,0,428,428,Single,Other,49,No,100,64,,,,,,,,
2/20/19,1,429,429,With a partner,Female,61,No,107,159,,,,,,,,
1/9/21,1,430,430,Single,Non-binary,29,Yes,112,173,,,,,,,,
11/23/19,1,431,431,Prefer not to answer,Male,70,No,116,149,,,,,,,,
1/8/19,0,432,432,Married,Non-binary,55,No,140,51,,,,,,,,
6/7/19,0,433,433,Prefer not to answer,Other,32,Yes,89,46,,,,,,,,
10/20/20,1,434,434,With a partner,Female,24,Yes,75,60,,,,,,,,
10/25/21,0,435,435,With a partner,Other,33,Yes,110,32,,,,,,,,
12/3/20,0,436,436,Married,Other,23,Yes,84,63,,,,,,,,
7/11/21,1,437,437,Prefer not to answer,Prefer not to answer,27,Yes,136,114,,,,,,,,
11/5/21,1,438,438,Single,Male,76,No,63,42,,,,,,,,
3/30/19,0,439,439,Single,Male,39,Yes,79,54,,,,,,,,
2/8/20,1,440,440,With a partner,Non-binary,53,No,74,34,,,,,,,,
6/17/21,0,441,441,Prefer not to answer,Male,41,Yes,142,56,,,,,,,,
12/3/20,1,442,442,With a partner,Female,51,No,135,133,,,,,,,,
10/24/19,0,443,443,With a partner,Male,70,No,90,49,,,,,,,,
3/4/19,0,444,444,Single,Male,26,Yes,134,49,,,,,,,,
1/28/20,1,445,445,Prefer not to answer,Other,77,No,81,32,,,,,,,,
2/18/20,0,446,446,Prefer not to answer,Female,20,Yes,93,46,,,,,,,,
10/17/19,0,447,447,Single,Non-binary,24,Yes,83,39,,,,,,,,
4/16/19,1,448,448,Married,Male,78,No,142,155,,,,,,,,
8/26/20,1,449,449,Prefer not to answer,Prefer not to answer,59,No,111,186,,,,,,,,
12/24/19,1,450,450,Single,Female,34,Yes,122,124,,,,,,,,
10/25/19,0,451,451,Prefer not to answer,Prefer not to answer,37,Yes,62,41,,,,,,,,
12/20/19,0,452,452,Married,Male,46,No,144,45,,,,,,,,
9/12/19,0,453,453,Married,Prefer not to answer,40,Yes,107,53,,,,,,,,
6/27/21,1,454,454,Prefer not to answer,Prefer not to answer,19,Yes,131,152,,,,,,,,
12/17/21,1,455,455,Single,Non-binary,54,No,143,159,,,,,,,,
11/19/21,1,456,456,Prefer not to answer,Other,62,No,115,176,,,,,,,,
3/30/19,1,457,457,Single,Prefer not to answer,34,Yes,135,182,,,,,,,,
12/14/20,0,458,458,Prefer not to answer,Prefer not to answer,26,Yes,111,45,,,,,,,,
10/24/20,1,459,459,Prefer not to answer,Female,22,Yes,110,198,,,,,,,,
1/16/21,0,460,460,Single,Prefer not to answer,78,No,149,61,,,,,,,,
4/10/21,1,461,461,With a partner,Male,41,Yes,91,35,,,,,,,,
12/27/20,1,462,462,With a partner,Female,32,Yes,125,114,,,,,,,,
7/3/19,0,463,463,With a partner,Male,71,No,64,50,,,,,,,,
9/9/19,1,464,464,Prefer not to answer,Non-binary,19,Yes,103,169,,,,,,,,
1/2/20,0,465,465,Single,Other,47,No,113,55,,,,,,,,
10/10/19,0,466,466,With a partner,Prefer not to answer,33,Yes,105,57,,,,,,,,
12/11/19,1,467,467,Single,Male,41,Yes,144,184,,,,,,,,
9/25/20,1,468,468,Married,Other,34,Yes,120,119,,,,,,,,
7/1/20,1,469,469,With a partner,Prefer not to answer,61,No,123,180,,,,,,,,
1/1/20,1,470,470,Single,Other,46,No,127,186,,,,,,,,
8/10/21,0,471,471,Single,Non-binary,44,Yes,73,58,,,,,,,,
11/19/20,1,472,472,Single,Male,20,Yes,143,119,,,,,,,,
4/29/20,1,473,473,Prefer not to answer,Non-binary,80,No,135,118,,,,,,,,
12/13/21,1,474,474,With a partner,Female,45,No,146,172,,,,,,,,
5/24/21,1,475,475,Married,Male,39,Yes,138,109,,,,,,,,
10/31/20,1,476,476,Single,Other,32,Yes,138,143,,,,,,,,
3/19/19,0,477,477,Single,Prefer not to answer,25,Yes,79,38,,,,,,,,
8/7/21,0,478,478,Single,Female,79,No,100,54,,,,,,,,
9/30/19,0,479,479,Single,Non-binary,20,Yes,65,69,,,,,,,,
5/6/21,1,480,480,With a partner,Non-binary,45,No,145,192,,,,,,,,
11/1/19,1,481,481,With a partner,Non-binary,35,Yes,83,59,,,,,,,,
1/20/20,0,482,482,Single,Prefer not to answer,59,No,101,36,,,,,,,,
9/4/20,1,483,483,Prefer not to answer,Female,69,No,93,54,,,,,,,,
10/10/20,0,484,484,Single,Prefer not to answer,66,No,64,69,,,,,,,,
11/12/20,1,485,485,Single,Non-binary,56,No,149,178,,,,,,,,
7/4/21,1,486,486,Married,Male,52,No,137,138,,,,,,,,
3/1/19,0,487,487,Married,Other,79,No,136,52,,,,,,,,
1/18/21,1,488,488,Single,Other,79,No,140,155,,,,,,,,
7/27/19,0,489,489,With a partner,Prefer not to answer,48,No,130,31,,,,,,,,
3/24/20,0,490,490,With a partner,Non-binary,26,Yes,110,69,,,,,,,,
12/2/20,1,491,491,Prefer not to answer,Male,47,No,109,152,,,,,,,,
9/25/20,0,492,492,With a partner,Male,27,Yes,107,44,,,,,,,,
3/26/20,0,493,493,Prefer not to answer,Prefer not to answer,65,No,146,56,,,,,,,,
4/18/20,1,494,494,Prefer not to answer,Male,26,Yes,114,101,,,,,,,,
3/31/19,1,495,495,Single,Other,60,No,74,63,,,,,,,,
9/21/21,0,496,496,With a partner,Non-binary,20,Yes,124,65,,,,,,,,
1/13/19,1,497,497,Prefer not to answer,Female,30,Yes,89,38,,,,,,,,
5/18/21,0,498,498,With a partner,Female,57,No,137,36,,,,,,,,
3/21/20,0,499,499,Prefer not to answer,Female,35,Yes,133,67,,,,,,,,
10/7/20,1,500,500,Married,Non-binary,52,No,147,129,,,,,,,,
6/23/21,1,501,501,Prefer not to answer,Male,68,No,144,160,,,,,,,,
4/1/19,0,502,502,Prefer not to answer,Non-binary,53,No,102,30,,,,,,,,
6/24/19,1,503,503,Single,Non-binary,24,Yes,142,139,,,,,,,,
6/28/21,1,504,504,Married,Other,22,Yes,112,172,,,,,,,,
3/18/19,1,505,505,Single,Prefer not to answer,20,Yes,111,192,,,,,,,,
12/21/19,0,506,506,Prefer not to answer,Non-binary,18,Yes,90,50,,,,,,,,
12/13/21,1,507,507,Single,Non-binary,65,No,82,55,,,,,,,,
2/22/21,1,508,508,With a partner,Male,61,No,101,135,,,,,,,,
5/26/21,1,509,509,Prefer not to answer,Female,18,Yes,96,52,,,,,,,,
1/17/21,0,510,510,Prefer not to answer,Other,74,No,63,62,,,,,,,,
9/21/21,1,511,511,With a partner,Male,34,Yes,138,109,,,,,,,,
3/1/21,1,512,512,Prefer not to answer,Other,42,Yes,106,103,,,,,,,,
7/29/20,0,513,513,With a partner,Male,26,Yes,86,52,,,,,,,,
5/4/19,0,514,514,Married,Prefer not to answer,78,No,110,62,,,,,,,,
3/1/21,0,515,515,Married,Other,55,No,101,63,,,,,,,,
5/12/19,0,516,516,Prefer not to answer,Non-binary,51,No,126,54,,,,,,,,
5/27/19,0,517,517,Married,Other,33,Yes,105,63,,,,,,,,
11/3/21,0,518,518,Married,Female,75,No,121,37,,,,,,,,
6/16/19,1,519,519,Prefer not to answer,Male,63,No,97,46,,,,,,,,
12/16/21,1,520,520,Single,Male,78,No,66,36,,,,,,,,
6/17/19,1,521,521,Prefer not to answer,Male,51,No,101,103,,,,,,,,
4/7/20,1,522,522,Single,Prefer not to answer,50,No,99,62,,,,,,,,
1/5/20,0,523,523,Married,Other,80,No,108,39,,,,,,,,
3/14/21,0,524,524,Single,Male,21,Yes,102,50,,,,,,,,
12/15/21,1,525,525,Single,Female,56,No,150,122,,,,,,,,
12/19/20,0,526,526,Single,Other,30,Yes,105,31,,,,,,,,
3/2/21,0,527,527,With a partner,Male,80,No,75,61,,,,,,,,
3/19/19,1,528,528,Married,Non-binary,46,No,88,36,,,,,,,,
11/13/19,0,529,529,With a partner,Male,49,No,80,41,,,,,,,,
12/9/20,1,530,530,Married,Other,41,Yes,134,159,,,,,,,,
12/16/20,0,531,531,With a partner,Non-binary,58,No,86,61,,,,,,,,
10/7/19,1,532,532,Married,Female,33,Yes,120,200,,,,,,,,
3/19/21,1,533,533,Single,Male,78,No,65,33,,,,,,,,
4/29/19,1,534,534,Prefer not to answer,Prefer not to answer,45,No,101,121,,,,,,,,
12/28/19,0,535,535,With a partner,Prefer not to answer,21,Yes,112,47,,,,,,,,
10/12/21,0,536,536,Prefer not to answer,Other,72,No,120,67,,,,,,,,
1/18/20,0,537,537,Prefer not to answer,Male,52,No,94,38,,,,,,,,
2/22/19,1,538,538,With a partner,Non-binary,56,No,145,167,,,,,,,,
9/12/19,0,539,539,Single,Male,73,No,71,45,,,,,,,,
10/1/20,1,540,540,With a partner,Female,43,Yes,113,181,,,,,,,,
12/20/20,0,541,541,Single,Non-binary,70,No,115,36,,,,,,,,
5/18/20,0,542,542,With a partner,Male,63,No,148,49,,,,,,,,
5/1/19,1,543,543,Prefer not to answer,Non-binary,55,No,126,111,,,,,,,,
11/6/19,1,544,544,Married,Other,65,No,118,125,,,,,,,,
8/25/21,0,545,545,Single,Male,75,No,113,46,,,,,,,,
8/8/20,1,546,546,Prefer not to answer,Female,19,Yes,146,199,,,,,,,,
12/17/21,0,547,547,Married,Female,29,Yes,116,48,,,,,,,,
9/28/19,1,548,548,With a partner,Male,66,No,91,38,,,,,,,,
7/12/19,0,549,549,Prefer not to answer,Non-binary,22,Yes,143,50,,,,,,,,
3/11/19,0,550,550,Prefer not to answer,Non-binary,70,No,148,38,,,,,,,,
8/12/19,0,551,551,Single,Other,30,Yes,66,65,,,,,,,,
3/6/20,1,552,552,Single,Prefer not to answer,56,No,149,181,,,,,,,,
6/12/19,1,553,553,Married,Prefer not to answer,65,No,147,125,,,,,,,,
10/11/19,1,554,554,Prefer not to answer,Prefer not to answer,33,Yes,60,41,,,,,,,,
2/26/20,1,555,555,Married,Other,42,Yes,67,53,,,,,,,,
2/23/19,0,556,556,Single,Other,76,No,120,39,,,,,,,,
11/30/20,0,557,557,Married,Male,30,Yes,93,45,,,,,,,,
9/25/20,0,558,558,With a partner,Prefer not to answer,59,No,105,31,,,,,,,,
2/28/21,0,559,559,With a partner,Prefer not to answer,26,Yes,119,39,,,,,,,,
2/27/19,0,560,560,Single,Female,50,No,75,58,,,,,,,,
10/19/21,0,561,561,Married,Non-binary,25,Yes,135,38,,,,,,,,
11/12/20,1,562,562,Married,Male,41,Yes,106,144,,,,,,,,
9/2/21,0,563,563,With a partner,Female,53,No,102,68,,,,,,,,
9/23/21,0,564,564,Married,Female,49,No,76,58,,,,,,,,
6/3/20,1,565,565,Prefer not to answer,Male,50,No,149,193,,,,,,,,
9/2/21,1,566,566,Married,Other,42,Yes,142,108,,,,,,,,
7/3/20,0,567,567,Married,Female,49,No,115,56,,,,,,,,
6/6/21,0,568,568,Single,Non-binary,59,No,113,43,,,,,,,,
3/9/21,0,569,569,With a partner,Non-binary,69,No,120,40,,,,,,,,
9/25/21,1,570,570,With a partner,Prefer not to answer,33,Yes,130,109,,,,,,,,
12/13/21,0,571,571,Prefer not to answer,Non-binary,52,No,138,42,,,,,,,,
12/11/21,0,572,572,Single,Non-binary,23,Yes,114,41,,,,,,,,
11/6/21,0,573,573,With a partner,Other,65,No,133,56,,,,,,,,
8/8/21,0,574,574,Prefer not to answer,Other,34,Yes,111,58,,,,,,,,
4/2/21,0,575,575,Prefer not to answer,Other,21,Yes,104,51,,,,,,,,
7/18/20,0,576,576,With a partner,Female,49,No,123,34,,,,,,,,
10/25/19,1,577,577,Married,Non-binary,60,No,92,60,,,,,,,,
10/27/19,1,578,578,Prefer not to answer,Prefer not to answer,72,No,143,153,,,,,,,,
6/18/19,0,579,579,Prefer not to answer,Male,38,Yes,63,52,,,,,,,,
11/12/21,1,580,580,Single,Female,72,No,140,189,,,,,,,,
3/27/20,0,581,581,With a partner,Non-binary,27,Yes,79,38,,,,,,,,
12/13/20,1,582,582,With a partner,Male,47,No,79,62,,,,,,,,
9/1/21,0,583,583,With a partner,Non-binary,22,Yes,98,44,,,,,,,,
6/13/20,1,584,584,Married,Other,73,No,91,46,,,,,,,,
11/21/20,1,585,585,Single,Other,48,No,108,173,,,,,,,,
9/5/20,0,586,586,Married,Prefer not to answer,60,No,92,34,,,,,,,,
10/25/19,1,587,587,Single,Female,50,No,78,41,,,,,,,,
10/12/20,1,588,588,Prefer not to answer,Male,44,Yes,85,64,,,,,,,,
12/27/21,1,589,589,Married,Prefer not to answer,65,No,103,137,,,,,,,,
11/22/20,1,590,590,Prefer not to answer,Female,26,Yes,131,148,,,,,,,,
3/20/20,0,591,591,Prefer not to answer,Female,34,Yes,109,31,,,,,,,,
6/25/20,0,592,592,Single,Prefer not to answer,27,Yes,82,65,,,,,,,,
8/26/21,0,593,593,With a partner,Other,58,No,93,54,,,,,,,,
9/9/20,1,594,594,With a partner,Prefer not to answer,66,No,131,199,,,,,,,,
11/13/21,0,595,595,With a partner,Male,74,No,116,44,,,,,,,,
2/19/19,0,596,596,With a partner,Female,30,Yes,99,37,,,,,,,,
9/18/21,1,597,597,Prefer not to answer,Male,21,Yes,110,164,,,,,,,,
4/30/19,0,598,598,Single,Female,45,No,149,35,,,,,,,,
5/27/20,0,599,599,Single,Prefer not to answer,72,No,115,38,,,,,,,,
6/11/21,1,600,600,Single,Female,72,No,150,107,,,,,,,,
6/13/19,0,601,601,With a partner,Non-binary,33,Yes,134,63,,,,,,,,
9/8/21,1,602,602,Prefer not to answer,Prefer not to answer,75,No,109,189,,,,,,,,
5/25/19,1,603,603,With a partner,Non-binary,48,No,79,50,,,,,,,,
1/9/19,1,604,604,Married,Other,29,Yes,63,57,,,,,,,,
9/18/20,1,605,605,Prefer not to answer,Male,26,Yes,144,148,,,,,,,,
3/18/19,1,606,606,Prefer not to answer,Male,27,Yes,140,126,,,,,,,,
12/19/19,1,607,607,With a partner,Prefer not to answer,76,No,65,34,,,,,,,,
12/4/20,0,608,608,With a partner,Female,55,No,134,30,,,,,,,,
8/9/19,0,609,609,Married,Other,65,No,102,38,,,,,,,,
9/16/21,1,610,610,Single,Female,32,Yes,116,174,,,,,,,,
8/26/20,0,611,611,Prefer not to answer,Prefer not to answer,75,No,104,58,,,,,,,,
1/31/21,0,612,612,Prefer not to answer,Prefer not to answer,48,No,146,57,,,,,,,,
7/27/20,0,613,613,Single,Prefer not to answer,58,No,109,31,,,,,,,,
7/5/19,1,614,614,Prefer not to answer,Prefer not to answer,61,No,65,45,,,,,,,,
2/28/19,1,615,615,Single,Male,52,No,95,39,,,,,,,,
4/12/20,1,616,616,Prefer not to answer,Male,60,No,141,158,,,,,,,,
10/25/21,0,617,617,Married,Female,69,No,87,65,,,,,,,,
9/29/21,1,618,618,Prefer not to answer,Non-binary,29,Yes,143,108,,,,,,,,
8/2/21,1,619,619,Married,Male,41,Yes,61,38,,,,,,,,
12/27/21,1,620,620,With a partner,Female,75,No,121,175,,,,,,,,
10/17/19,0,621,621,Prefer not to answer,Prefer not to answer,37,Yes,89,62,,,,,,,,
12/19/20,0,622,622,With a partner,Female,61,No,98,70,,,,,,,,
6/5/19,1,623,623,Prefer not to answer,Male,22,Yes,115,165,,,,,,,,
8/22/20,1,624,624,Single,Non-binary,39,Yes,87,67,,,,,,,,
12/14/21,1,625,625,Prefer not to answer,Female,32,Yes,94,57,,,,,,,,
5/9/19,0,626,626,With a partner,Prefer not to answer,37,Yes,88,56,,,,,,,,
10/28/19,1,627,627,Prefer not to answer,Male,50,No,125,153,,,,,,,,
8/26/21,0,628,628,Single,Non-binary,65,No,106,59,,,,,,,,
1/28/19,1,629,629,Prefer not to answer,Female,31,Yes,66,56,,,,,,,,
11/16/19,1,630,630,With a partner,Prefer not to answer,18,Yes,122,158,,,,,,,,
5/15/21,0,631,631,Married,Prefer not to answer,29,Yes,150,47,,,,,,,,
12/7/21,1,632,632,Single,Female,53,No,138,174,,,,,,,,
5/15/19,1,633,633,Prefer not to answer,Non-binary,35,Yes,122,163,,,,,,,,
10/22/19,0,634,634,Married,Prefer not to answer,64,No,63,64,,,,,,,,
5/12/21,1,635,635,Single,Other,54,No,96,64,,,,,,,,
7/22/19,0,636,636,With a partner,Prefer not to answer,71,No,73,42,,,,,,,,
5/20/19,0,637,637,Prefer not to answer,Other,77,No,94,54,,,,,,,,
3/28/21,1,638,638,Prefer not to answer,Non-binary,38,Yes,105,137,,,,,,,,
6/2/21,1,639,639,Prefer not to answer,Prefer not to answer,34,Yes,70,47,,,,,,,,
5/16/20,0,640,640,With a partner,Prefer not to answer,62,No,134,61,,,,,,,,
10/9/19,0,641,641,Married,Prefer not to answer,33,Yes,116,43,,,,,,,,
4/26/19,1,642,642,Single,Non-binary,46,No,131,147,,,,,,,,
4/9/20,1,643,643,With a partner,Prefer not to answer,78,No,99,59,,,,,,,,
11/18/21,1,644,644,Married,Other,28,Yes,131,190,,,,,,,,
12/4/20,1,645,645,Prefer not to answer,Other,27,Yes,78,68,,,,,,,,
12/4/20,0,646,646,Prefer not to answer,Prefer not to answer,77,No,62,52,,,,,,,,
8/22/19,0,647,647,Single,Male,42,Yes,108,49,,,,,,,,
1/28/19,1,648,648,With a partner,Non-binary,79,No,91,34,,,,,,,,
12/2/20,0,649,649,With a partner,Non-binary,68,No,126,54,,,,,,,,
11/1/20,1,650,650,Married,Other,76,No,85,38,,,,,,,,
5/21/20,0,651,651,Prefer not to answer,Other,37,Yes,66,69,,,,,,,,
8/11/20,1,652,652,Married,Male,65,No,117,100,,,,,,,,
11/21/21,1,653,653,Married,Female,66,No,118,139,,,,,,,,
6/29/19,1,654,654,With a partner,Other,49,No,113,155,,,,,,,,
6/29/19,1,655,655,With a partner,Non-binary,35,Yes,82,38,,,,,,,,
11/9/19,1,656,656,Married,Female,51,No,132,131,,,,,,,,
7/11/19,1,657,657,Single,Male,26,Yes,122,189,,,,,,,,
4/24/19,1,658,658,With a partner,Female,29,Yes,85,37,,,,,,,,
5/27/19,0,659,659,Single,Male,80,No,94,40,,,,,,,,
1/6/19,1,660,660,Married,Prefer not to answer,27,Yes,86,53,,,,,,,,
3/3/19,0,661,661,With a partner,Non-binary,72,No,76,40,,,,,,,,
8/12/19,0,662,662,Single,Female,26,Yes,127,64,,,,,,,,
2/4/19,0,663,663,Married,Prefer not to answer,22,Yes,118,66,,,,,,,,
2/8/21,1,664,664,Prefer not to answer,Female,53,No,141,133,,,,,,,,
12/8/20,1,665,665,Single,Male,37,Yes,94,37,,,,,,,,
10/26/21,0,666,666,Prefer not to answer,Female,73,No,133,41,,,,,,,,
9/26/21,1,667,667,Prefer not to answer,Prefer not to answer,41,Yes,100,37,,,,,,,,
10/9/20,1,668,668,Single,Female,32,Yes,92,51,,,,,,,,
3/1/20,0,669,669,With a partner,Non-binary,65,No,62,54,,,,,,,,
11/4/21,1,670,670,Married,Male,38,Yes,144,146,,,,,,,,
11/8/20,0,671,671,Single,Male,58,No,118,42,,,,,,,,
5/10/20,1,672,672,With a partner,Male,79,No,147,165,,,,,,,,
5/25/21,0,673,673,Single,Prefer not to answer,22,Yes,73,34,,,,,,,,
12/3/21,0,674,674,Prefer not to answer,Other,35,Yes,133,51,,,,,,,,
5/24/19,1,675,675,Married,Prefer not to answer,36,Yes,69,43,,,,,,,,
6/19/21,0,676,676,With a partner,Other,30,Yes,96,46,,,,,,,,
4/14/20,1,677,677,Married,Other,80,No,69,42,,,,,,,,
8/25/21,0,678,678,Married,Non-binary,34,Yes,60,45,,,,,,,,
11/24/19,0,679,679,Single,Female,69,No,143,40,,,,,,,,
10/21/19,0,680,680,With a partner,Male,54,No,124,35,,,,,,,,
9/26/21,1,681,681,Single,Other,76,No,96,37,,,,,,,,
5/16/19,1,682,682,Married,Female,45,No,71,53,,,,,,,,
11/2/20,0,683,683,Prefer not to answer,Prefer not to answer,55,No,77,62,,,,,,,,
3/20/21,1,684,684,With a partner,Male,61,No,117,195,,,,,,,,
9/2/20,0,685,685,Single,Prefer not to answer,66,No,104,39,,,,,,,,
7/6/21,0,686,686,Single,Female,74,No,128,39,,,,,,,,
8/22/21,0,687,687,Married,Prefer not to answer,49,No,125,38,,,,,,,,
4/27/21,0,688,688,Married,Male,65,No,78,43,,,,,,,,
6/7/21,1,689,689,Prefer not to answer,Non-binary,32,Yes,83,43,,,,,,,,
3/7/21,0,690,690,Prefer not to answer,Other,29,Yes,136,32,,,,,,,,
8/29/19,1,691,691,With a partner,Non-binary,60,No,147,105,,,,,,,,
1/27/20,1,692,692,Single,Male,42,Yes,126,149,,,,,,,,
2/14/20,0,693,693,Married,Female,45,No,106,41,,,,,,,,
3/26/19,0,694,694,Prefer not to answer,Male,68,No,75,35,,,,,,,,
10/30/20,1,695,695,With a partner,Prefer not to answer,54,No,104,188,,,,,,,,
7/24/19,1,696,696,Prefer not to answer,Male,79,No,76,31,,,,,,,,
2/25/19,1,697,697,With a partner,Other,74,No,101,162,,,,,,,,
5/11/21,0,698,698,Prefer not to answer,Non-binary,69,No,129,64,,,,,,,,
3/2/21,1,699,699,Single,Male,43,Yes,114,173,,,,,,,,
4/18/21,1,700,700,Married,Female,31,Yes,142,165,,,,,,,,
5/14/21,1,701,701,Married,Male,41,Yes,87,34,,,,,,,,
6/10/20,0,702,702,Prefer not to answer,Prefer not to answer,64,No,129,68,,,,,,,,
8/11/19,1,703,703,Prefer not to answer,Prefer not to answer,63,No,134,112,,,,,,,,
7/2/19,0,704,704,Single,Female,32,Yes,135,65,,,,,,,,
1/25/21,1,705,705,Prefer not to answer,Male,69,No,65,41,,,,,,,,
5/13/19,1,706,706,Single,Male,55,No,110,148,,,,,,,,
11/6/20,0,707,707,Married,Non-binary,63,No,76,30,,,,,,,,
12/16/21,1,708,708,Single,Prefer not to answer,70,No,137,164,,,,,,,,
6/30/19,0,709,709,Single,Other,55,No,123,68,,,,,,,,
8/27/21,0,710,710,Single,Non-binary,49,No,83,40,,,,,,,,
6/10/21,0,711,711,Single,Other,68,No,121,60,,,,,,,,
4/26/20,1,712,712,Single,Male,56,No,122,167,,,,,,,,
8/22/19,0,713,713,With a partner,Prefer not to answer,27,Yes,146,36,,,,,,,,
10/31/19,1,714,714,Prefer not to answer,Prefer not to answer,67,No,150,153,,,,,,,,
6/19/20,0,715,715,With a partner,Other,66,No,146,40,,,,,,,,
4/25/19,0,716,716,Prefer not to answer,Female,21,Yes,82,47,,,,,,,,
8/4/19,0,717,717,Single,Prefer not to answer,50,No,79,50,,,,,,,,
7/17/20,1,718,718,With a partner,Non-binary,44,Yes,146,142,,,,,,,,
12/12/21,1,719,719,Single,Female,67,No,84,70,,,,,,,,
10/22/20,0,720,720,Married,Male,28,Yes,83,66,,,,,,,,
4/16/21,1,721,721,With a partner,Other,35,Yes,83,46,,,,,,,,
7/25/19,1,722,722,Single,Female,57,No,91,38,,,,,,,,
3/6/19,0,723,723,With a partner,Prefer not to answer,31,Yes,129,43,,,,,,,,
7/30/20,0,724,724,Single,Male,74,No,127,50,,,,,,,,
5/14/21,1,725,725,Married,Other,30,Yes,103,171,,,,,,,,
2/27/19,0,726,726,Prefer not to answer,Non-binary,51,No,150,30,,,,,,,,
10/30/20,1,727,727,Married,Prefer not to answer,73,No,90,32,,,,,,,,
5/10/20,0,728,728,Married,Non-binary,65,No,120,69,,,,,,,,
9/9/21,0,729,729,Prefer not to answer,Other,52,No,120,37,,,,,,,,
12/13/20,1,730,730,Prefer not to answer,Prefer not to answer,62,No,99,44,,,,,,,,
6/18/21,1,731,731,Prefer not to answer,Male,50,No,83,49,,,,,,,,
4/25/19,0,732,732,Prefer not to answer,Non-binary,72,No,97,64,,,,,,,,
6/26/19,0,733,733,Married,Male,47,No,120,62,,,,,,,,
10/17/20,1,734,734,Prefer not to answer,Male,47,No,98,65,,,,,,,,
1/1/19,0,735,735,With a partner,Prefer not to answer,48,No,143,55,,,,,,,,
11/8/19,0,736,736,With a partner,Female,36,Yes,127,41,,,,,,,,
4/18/21,0,737,737,Single,Other,40,Yes,115,55,,,,,,,,
4/20/21,0,738,738,Prefer not to answer,Other,40,Yes,133,68,,,,,,,,
8/5/19,0,739,739,Prefer not to answer,Other,36,Yes,139,32,,,,,,,,
5/18/19,1,740,740,With a partner,Non-binary,34,Yes,110,112,,,,,,,,
12/1/20,0,741,741,Single,Prefer not to answer,78,No,133,66,,,,,,,,
5/11/21,1,742,742,Single,Other,19,Yes,134,105,,,,,,,,
9/18/20,0,743,743,Married,Female,63,No,93,31,,,,,,,,
4/11/19,0,744,744,Prefer not to answer,Non-binary,21,Yes,136,56,,,,,,,,
1/7/19,1,745,745,Single,Male,65,No,70,30,,,,,,,,
4/18/19,1,746,746,Single,Prefer not to answer,71,No,75,42,,,,,,,,
1/24/21,0,747,747,Single,Female,72,No,139,46,,,,,,,,
6/10/19,1,748,748,Single,Non-binary,19,Yes,145,172,,,,,,,,
11/12/19,1,749,749,Married,Female,40,Yes,128,194,,,,,,,,
10/7/21,1,750,750,Married,Female,68,No,66,58,,,,,,,,
9/12/21,1,751,751,With a partner,Other,63,No,122,160,,,,,,,,
6/14/21,0,752,752,Prefer not to answer,Non-binary,60,No,61,54,,,,,,,,
5/13/21,1,753,753,With a partner,Male,60,No,83,32,,,,,,,,
11/7/21,0,754,754,Married,Male,58,No,78,59,,,,,,,,
1/28/19,1,755,755,Prefer not to answer,Male,27,Yes,97,40,,,,,,,,
8/28/19,0,756,756,Married,Other,18,Yes,79,69,,,,,,,,
8/31/21,0,757,757,With a partner,Other,44,Yes,119,42,,,,,,,,
7/7/19,1,758,758,Single,Female,45,No,76,32,,,,,,,,
7/27/21,0,759,759,Prefer not to answer,Prefer not to answer,22,Yes,91,59,,,,,,,,
7/7/21,1,760,760,Married,Prefer not to answer,26,Yes,70,37,,,,,,,,
9/7/20,0,761,761,With a partner,Prefer not to answer,58,No,126,50,,,,,,,,
6/18/19,1,762,762,With a partner,Male,67,No,134,141,,,,,,,,
4/3/21,0,763,763,With a partner,Prefer not to answer,66,No,62,56,,,,,,,,
1/28/19,1,764,764,Prefer not to answer,Male,71,No,117,154,,,,,,,,
7/9/19,0,765,765,Single,Prefer not to answer,23,Yes,80,60,,,,,,,,
5/24/21,0,766,766,Prefer not to answer,Other,51,No,107,59,,,,,,,,
12/22/20,0,767,767,Single,Non-binary,67,No,110,39,,,,,,,,
8/4/19,1,768,768,Married,Female,49,No,137,117,,,,,,,,
10/7/19,1,769,769,Married,Female,72,No,137,152,,,,,,,,
4/1/20,0,770,770,With a partner,Female,41,Yes,131,57,,,,,,,,
6/12/21,1,771,771,Single,Male,38,Yes,142,140,,,,,,,,
6/9/21,0,772,772,Single,Male,73,No,61,52,,,,,,,,
4/29/20,0,773,773,Single,Non-binary,52,No,130,53,,,,,,,,
10/11/21,1,774,774,Prefer not to answer,Prefer not to answer,36,Yes,81,43,,,,,,,,
7/16/20,1,775,775,With a partner,Non-binary,49,No,137,129,,,,,,,,
2/4/21,1,776,776,Married,Male,20,Yes,115,107,,,,,,,,
7/29/19,0,777,777,Prefer not to answer,Other,25,Yes,89,69,,,,,,,,
6/9/19,1,778,778,Prefer not to answer,Male,64,No,98,59,,,,,,,,
10/19/19,1,779,779,Single,Prefer not to answer,60,No,146,178,,,,,,,,
5/28/21,0,780,780,Prefer not to answer,Female,48,No,64,53,,,,,,,,
2/13/20,1,781,781,With a partner,Male,23,Yes,65,38,,,,,,,,
12/30/19,1,782,782,Prefer not to answer,Prefer not to answer,78,No,60,48,,,,,,,,
6/10/20,1,783,783,Single,Non-binary,31,Yes,139,177,,,,,,,,
7/30/20,0,784,784,Prefer not to answer,Non-binary,48,No,81,46,,,,,,,,
7/5/20,1,785,785,Prefer not to answer,Prefer not to answer,25,Yes,77,34,,,,,,,,
10/7/21,0,786,786,Prefer not to answer,Non-binary,40,Yes,105,66,,,,,,,,
6/25/19,0,787,787,Single,Other,44,Yes,117,31,,,,,,,,
7/18/20,0,788,788,Single,Non-binary,50,No,98,60,,,,,,,,
10/16/19,0,789,789,With a partner,Non-binary,54,No,103,50,,,,,,,,
3/18/19,1,790,790,Married,Male,41,Yes,101,194,,,,,,,,
7/18/21,0,791,791,Single,Other,23,Yes,123,42,,,,,,,,
3/19/20,1,792,792,Married,Prefer not to answer,45,No,142,101,,,,,,,,
6/1/20,1,793,793,Single,Other,19,Yes,86,55,,,,,,,,
3/31/20,1,794,794,Single,Non-binary,28,Yes,98,31,,,,,,,,
8/23/20,1,795,795,Prefer not to answer,Non-binary,22,Yes,106,127,,,,,,,,
10/5/21,1,796,796,With a partner,Female,29,Yes,131,159,,,,,,,,
6/13/20,1,797,797,Prefer not to answer,Non-binary,47,No,107,136,,,,,,,,
7/11/20,0,798,798,Married,Non-binary,65,No,149,70,,,,,,,,
3/2/21,0,799,799,With a partner,Prefer not to answer,26,Yes,105,68,,,,,,,,
9/20/19,0,800,800,With a partner,Female,62,No,136,54,,,,,,,,
11/9/20,0,801,801,Prefer not to answer,Prefer not to answer,42,Yes,87,50,,,,,,,,
5/25/20,0,802,802,Single,Prefer not to answer,57,No,65,46,,,,,,,,
11/18/20,0,803,803,Single,Male,44,Yes,145,58,,,,,,,,
7/5/20,1,804,804,Married,Female,55,No,67,70,,,,,,,,
7/24/20,0,805,805,With a partner,Prefer not to answer,55,No,138,45,,,,,,,,
4/26/20,1,806,806,Prefer not to answer,Prefer not to answer,32,Yes,101,118,,,,,,,,
6/29/19,1,807,807,Prefer not to answer,Female,33,Yes,103,183,,,,,,,,
5/18/21,1,808,808,Single,Other,42,Yes,95,32,,,,,,,,
8/29/19,1,809,809,Prefer not to answer,Prefer not to answer,46,No,119,196,,,,,,,,
5/12/19,1,810,810,Single,Non-binary,46,No,64,48,,,,,,,,
3/28/19,0,811,811,Married,Non-binary,30,Yes,66,68,,,,,,,,
10/24/21,1,812,812,With a partner,Other,51,No,85,55,,,,,,,,
10/25/20,1,813,813,Married,Other,59,No,135,166,,,,,,,,
7/7/20,1,814,814,Prefer not to answer,Other,63,No,67,56,,,,,,,,
3/8/20,0,815,815,Prefer not to answer,Prefer not to answer,50,No,139,37,,,,,,,,
9/15/19,0,816,816,Prefer not to answer,Prefer not to answer,65,No,95,47,,,,,,,,
6/12/19,1,817,817,Single,Other,35,Yes,108,131,,,,,,,,
7/26/21,1,818,818,With a partner,Other,69,No,103,166,,,,,,,,
9/21/19,0,819,819,Single,Other,50,No,65,50,,,,,,,,
10/26/21,1,820,820,Single,Other,72,No,102,200,,,,,,,,
7/25/19,0,821,821,Single,Prefer not to answer,69,No,118,57,,,,,,,,
11/2/20,1,822,822,Single,Female,24,Yes,99,36,,,,,,,,
3/22/19,1,823,823,Married,Other,64,No,119,142,,,,,,,,
2/2/20,0,824,824,Prefer not to answer,Non-binary,76,No,128,63,,,,,,,,
2/7/21,1,825,825,Prefer not to answer,Other,30,Yes,112,190,,,,,,,,
11/2/19,1,826,826,Married,Non-binary,20,Yes,99,38,,,,,,,,
11/9/20,0,827,827,With a partner,Other,42,Yes,84,63,,,,,,,,
3/5/20,1,828,828,Single,Male,37,Yes,92,69,,,,,,,,
1/31/21,1,829,829,With a partner,Non-binary,23,Yes,134,191,,,,,,,,
11/14/21,0,830,830,Prefer not to answer,Male,55,No,86,58,,,,,,,,
11/3/19,0,831,831,With a partner,Prefer not to answer,75,No,125,32,,,,,,,,
4/2/21,0,832,832,With a partner,Other,20,Yes,105,63,,,,,,,,
7/20/20,1,833,833,Prefer not to answer,Non-binary,72,No,131,167,,,,,,,,
8/31/20,0,834,834,With a partner,Female,24,Yes,121,41,,,,,,,,
7/22/19,0,835,835,Prefer not to answer,Male,59,No,103,34,,,,,,,,
1/11/20,0,836,836,Single,Female,45,No,100,58,,,,,,,,
2/23/19,0,837,837,With a partner,Other,63,No,117,52,,,,,,,,
7/10/20,0,838,838,Married,Non-binary,20,Yes,118,53,,,,,,,,
4/22/21,0,839,839,Prefer not to answer,Non-binary,53,No,126,36,,,,,,,,
1/7/21,0,840,840,Prefer not to answer,Female,36,Yes,82,47,,,,,,,,
10/27/21,1,841,841,With a partner,Female,78,No,94,46,,,,,,,,
12/2/21,0,842,842,With a partner,Female,78,No,147,33,,,,,,,,
12/23/21,1,843,843,Prefer not to answer,Male,79,No,133,191,,,,,,,,
4/8/20,0,844,844,With a partner,Other,59,No,60,36,,,,,,,,
12/25/19,1,845,845,Prefer not to answer,Other,39,Yes,135,161,,,,,,,,
10/15/19,1,846,846,Single,Prefer not to answer,51,No,86,69,,,,,,,,
11/9/19,1,847,847,Married,Male,38,Yes,150,136,,,,,,,,
2/7/21,1,848,848,Married,Female,65,No,70,56,,,,,,,,
3/5/20,1,849,849,Prefer not to answer,Prefer not to answer,79,No,66,45,,,,,,,,
9/23/19,0,850,850,Prefer not to answer,Female,35,Yes,63,68,,,,,,,,
9/28/20,1,851,851,Single,Prefer not to answer,54,No,69,68,,,,,,,,
10/1/20,0,852,852,Married,Male,58,No,94,51,,,,,,,,
4/8/21,1,853,853,With a partner,Male,72,No,75,30,,,,,,,,
11/23/19,1,854,854,Married,Non-binary,73,No,80,42,,,,,,,,
7/3/21,0,855,855,With a partner,Non-binary,18,Yes,141,32,,,,,,,,
3/4/20,0,856,856,Married,Non-binary,64,No,66,53,,,,,,,,
10/9/20,0,857,857,Prefer not to answer,Female,41,Yes,82,34,,,,,,,,
5/8/19,0,858,858,Prefer not to answer,Female,54,No,100,51,,,,,,,,
10/9/21,1,859,859,Single,Male,68,No,133,145,,,,,,,,
2/25/21,0,860,860,Single,Male,79,No,142,34,,,,,,,,
5/4/20,0,861,861,Married,Other,64,No,148,31,,,,,,,,
8/19/20,1,862,862,Single,Prefer not to answer,77,No,86,39,,,,,,,,
10/17/19,0,863,863,With a partner,Other,49,No,60,30,,,,,,,,
6/20/20,1,864,864,With a partner,Male,71,No,86,45,,,,,,,,
9/28/19,0,865,865,Married,Non-binary,59,No,130,55,,,,,,,,
9/2/20,1,866,866,Married,Prefer not to answer,79,No,74,36,,,,,,,,
8/18/19,0,867,867,Married,Prefer not to answer,41,Yes,83,49,,,,,,,,
10/8/20,0,868,868,Prefer not to answer,Female,62,No,62,41,,,,,,,,
2/10/21,0,869,869,Single,Other,37,Yes,121,46,,,,,,,,
3/30/20,1,870,870,Single,Female,63,No,76,66,,,,,,,,
2/6/21,0,871,871,Married,Non-binary,30,Yes,65,62,,,,,,,,
2/2/21,0,872,872,With a partner,Male,25,Yes,98,33,,,,,,,,
12/23/20,0,873,873,Single,Other,44,Yes,81,60,,,,,,,,
2/11/19,0,874,874,Married,Female,70,No,136,70,,,,,,,,
11/16/19,1,875,875,Single,Male,42,Yes,127,127,,,,,,,,
1/8/19,1,876,876,Single,Prefer not to answer,78,No,95,39,,,,,,,,
8/21/19,1,877,877,Single,Non-binary,62,No,106,103,,,,,,,,
5/9/19,1,878,878,Married,Female,41,Yes,94,61,,,,,,,,
9/30/21,0,879,879,With a partner,Non-binary,45,No,114,46,,,,,,,,
9/1/19,1,880,880,Married,Other,53,No,114,172,,,,,,,,
8/14/20,0,881,881,Married,Other,49,No,87,37,,,,,,,,
10/6/19,1,882,882,With a partner,Prefer not to answer,31,Yes,84,31,,,,,,,,
1/2/19,0,883,883,Married,Prefer not to answer,64,No,135,55,,,,,,,,
3/6/19,0,884,884,With a partner,Male,45,No,79,46,,,,,,,,
8/26/20,0,885,885,Married,Prefer not to answer,24,Yes,109,57,,,,,,,,
3/27/19,0,886,886,With a partner,Prefer not to answer,55,No,144,44,,,,,,,,
5/22/19,0,887,887,Prefer not to answer,Prefer not to answer,22,Yes,102,30,,,,,,,,
1/20/19,0,888,888,With a partner,Female,29,Yes,106,49,,,,,,,,
6/26/19,1,889,889,Single,Female,40,Yes,143,170,,,,,,,,
10/24/20,1,890,890,Single,Non-binary,74,No,132,132,,,,,,,,
1/4/21,0,891,891,Prefer not to answer,Other,20,Yes,94,47,,,,,,,,
12/1/21,1,892,892,Single,Other,27,Yes,82,57,,,,,,,,
11/21/20,1,893,893,Prefer not to answer,Male,20,Yes,147,175,,,,,,,,
9/8/20,1,894,894,Married,Prefer not to answer,52,No,123,136,,,,,,,,
5/31/20,0,895,895,Prefer not to answer,Other,41,Yes,79,42,,,,,,,,
2/2/20,1,896,896,Married,Prefer not to answer,49,No,111,117,,,,,,,,
2/28/21,0,897,897,With a partner,Prefer not to answer,69,No,101,53,,,,,,,,
7/11/20,1,898,898,Married,Prefer not to answer,49,No,82,35,,,,,,,,
4/13/21,1,899,899,Prefer not to answer,Male,71,No,144,174,,,,,,,,
12/17/21,0,900,900,Single,Other,30,Yes,130,42,,,,,,,,
1/31/21,1,901,901,With a partner,Female,34,Yes,135,100,,,,,,,,
10/7/20,1,902,902,Married,Male,78,No,123,120,,,,,,,,
2/16/19,1,903,903,With a partner,Other,38,Yes,121,186,,,,,,,,
12/25/19,0,904,904,Prefer not to answer,Other,52,No,85,51,,,,,,,,
3/6/20,0,905,905,Prefer not to answer,Non-binary,55,No,138,30,,,,,,,,
5/16/19,0,906,906,Married,Male,76,No,98,49,,,,,,,,
6/9/19,1,907,907,Married,Female,25,Yes,96,35,,,,,,,,
8/7/21,1,908,908,Single,Prefer not to answer,37,Yes,113,146,,,,,,,,
5/4/20,1,909,909,Married,Prefer not to answer,67,No,74,70,,,,,,,,
7/20/19,0,910,910,Married,Other,71,No,60,70,,,,,,,,
5/11/20,1,911,911,With a partner,Other,23,Yes,105,178,,,,,,,,
4/10/20,1,912,912,Single,Non-binary,73,No,80,45,,,,,,,,
5/31/19,0,913,913,Prefer not to answer,Female,45,No,87,42,,,,,,,,
12/1/20,0,914,914,With a partner,Male,39,Yes,70,48,,,,,,,,
12/10/19,1,915,915,With a partner,Other,60,No,61,49,,,,,,,,
7/2/21,0,916,916,Prefer not to answer,Non-binary,48,No,150,62,,,,,,,,
3/19/19,1,917,917,With a partner,Male,78,No,100,59,,,,,,,,
3/23/20,1,918,918,Single,Other,56,No,80,36,,,,,,,,
1/11/21,0,919,919,With a partner,Non-binary,45,No,110,32,,,,,,,,
6/3/20,1,920,920,Married,Male,47,No,62,31,,,,,,,,
2/3/21,1,921,921,With a partner,Other,55,No,126,180,,,,,,,,
10/23/20,1,922,922,Married,Prefer not to answer,58,No,83,60,,,,,,,,
3/3/19,1,923,923,With a partner,Male,47,No,111,183,,,,,,,,
5/9/19,0,924,924,Single,Other,55,No,69,30,,,,,,,,
8/11/20,0,925,925,Single,Male,31,Yes,99,60,,,,,,,,
9/26/19,0,926,926,Prefer not to answer,Other,65,No,126,49,,,,,,,,
3/28/19,1,927,927,Prefer not to answer,Prefer not to answer,31,Yes,99,53,,,,,,,,
7/22/20,1,928,928,Married,Non-binary,33,Yes,107,103,,,,,,,,
11/25/21,1,929,929,Single,Female,36,Yes,150,151,,,,,,,,
2/10/21,1,930,930,Prefer not to answer,Female,70,No,98,39,,,,,,,,
8/18/19,0,931,931,Married,Non-binary,60,No,79,52,,,,,,,,
9/10/19,1,932,932,Single,Other,29,Yes,99,38,,,,,,,,
9/11/21,1,933,933,Married,Male,46,No,106,116,,,,,,,,